{"cameraMode":{"drawMode":0,"name":"Shaded","section":"Shading Mode"},"sceneLighting":true,"audioPlay":false,"sceneViewState":{"showFog":true,"showMaterialUpdate":false,"showSkybox":true,"showFlares":true,"showImageEffects":true,"showParticleSystems":true},"in2DMode":false,"pivot":{"x":-15.012309074401856,"y":-7.788074493408203,"z":-30.38406753540039},"rotation":{"x":-0.030413152649998666,"y":0.9652743339538574,"z":-0.13111165165901185,"w":-0.22397781908512116},"size":19.551998138427736,"orthographic":false}