{"cameraMode":{"drawMode":0,"name":"Shaded","section":"Shading Mode"},"sceneLighting":true,"audioPlay":false,"sceneViewState":{"showFog":true,"showMaterialUpdate":false,"showSkybox":true,"showFlares":true,"showImageEffects":true,"showParticleSystems":true},"in2DMode":false,"pivot":{"x":2.6789064407348635,"y":-4.7438764572143559,"z":-9.108083724975586},"rotation":{"x":0.04001295566558838,"y":0.9567321538925171,"z":-0.24021901190280915,"w":0.15930627286434174},"size":9.845803260803223,"orthographic":false}