{"cameraMode":{"drawMode":0,"name":"Shaded","section":"Shading Mode"},"sceneLighting":true,"audioPlay":false,"sceneViewState":{"showFog":true,"showMaterialUpdate":false,"showSkybox":true,"showFlares":true,"showImageEffects":true,"showParticleSystems":true},"in2DMode":false,"pivot":{"x":6.266183376312256,"y":-1.0295827388763428,"z":-6.171858787536621},"rotation":{"x":0.006168183870613575,"y":0.982153058052063,"z":-0.1851315200328827,"w":0.03271928057074547},"size":6.831632137298584,"orthographic":false}