{"cameraMode":{"drawMode":0,"name":"Shaded","section":"Shading Mode"},"sceneLighting":true,"audioPlay":false,"sceneViewState":{"showFog":true,"showMaterialUpdate":false,"showSkybox":true,"showFlares":true,"showImageEffects":true,"showParticleSystems":true},"in2DMode":false,"pivot":{"x":6.406444549560547,"y":0.5314121246337891,"z":-4.2944464683532719},"rotation":{"x":0.036460038274526599,"y":0.9210992455482483,"z":-0.08898331969976425,"w":0.37733232975006106},"size":5.531379222869873,"orthographic":false}