{"cameraMode":{"drawMode":0,"name":"Shaded","section":"Shading Mode"},"sceneLighting":false,"audioPlay":false,"sceneViewState":{"showFog":true,"showMaterialUpdate":false,"showSkybox":false,"showFlares":true,"showImageEffects":true,"showParticleSystems":true},"in2DMode":false,"pivot":{"x":5.119999885559082,"y":3.630000114440918,"z":-9.899999618530274},"rotation":{"x":0.07457894086837769,"y":0.9249528050422669,"z":-0.2473519742488861,"w":0.2788388431072235},"size":1.4660253524780274,"orthographic":false}